Kaylee O'Quinn,figurant
Aleena Allison,figurant
Elspeth Munoz,figurant
Dana Budeanu,figurant
Dana Budeanu,figurant
Maisha Schroeder,figurant
Asia White,figurant
Emilia Chapman,figurant
Rhys Vaughn,figurant
Tommy Owen,figurant
Kimberly Hill,figurant
Aidan O'Ryan,figurant
Billy Sims,figurant
Hasan Beck,figurant
Janice Gibbs,figurant
Fern Sandova,figurant
Kaylee O'Quinn,figurant
Diego Mcconnell,figurant
Hasan Beck,figurant
Amie Lawrence,figurant
Krish Hutchinson,figurant
Billy Sims,figurant
Carla Whitney,figurant
Cecil Weiss,figurant
Hasan Beck,figurant
Aleena Allison,figurant
Niall Sherman,figurant
Eleri Pitts,figurant
Donald Quinn,figurant
Alessia Dorsey,figurant
Rhys Vaughn,figurant
Alessia Dorsey,figurant
Mohamed Harvey,figurant
Krish Hutchinson,figurant
Keeley Gilbert,figurant
Sana Donaldson,figurant
Janice Gibbs,figurant
Amie Lawrence,figurant
Ava-Rose Connolly,figurant
Cormac Wall,figurant
Aleena Allison,figurant
Malaika Randolph,figurant
Tommy Owen,figurant
Arnold Pollard,figurant
Elena Bulibasa,figurant
Alexandru Micunealta,figurant
Krish Hutchinson,figurant
Ana Roscovanu,figurant
Amin Cooper,figurant
Brendon Warren,figurant
Faisal Pratt,figurant
Gheorghe Dumitru,figurant
Bethany King,figurant
Luna Montes,figurant
Christian Griffin,figurant
Malaika Randolph,figurant
Janice Gibbs,figurant
Aleena Allison,figurant
Andrea Shields,figurant
Otis Price,figurant
Alexandru Micunealta,figurant
Kimberly Hill,figurant
Bertie Mcpherson,figurant
Asma Holt,figurant
Donald Quinn,figurant
Carol Nicholson,figurant
Tia Dickerson,figurant
Aayan Prince,figurant
Rhys Vaughn,figurant
Luna Montes,figurant
Amin Cooper,figurant
Clementine Whitehead,figurant
Hasan Beck,figurant
Niall Sherman,figurant
Cassie Lawson,figurant
Rhys Vaughn,figurant
Ion Acatrinei,figurant
Ava-Rose Connolly,figurant
Matilda Bell,figurant
Ana Roscovanu,figurant
Niall Sherman,figurant
Georgia Petersen,figurant
Amin Cooper,figurant
Luna Montes,figurant
Harmony Anderson,figurant
Sana Donaldson,figurant
Krish Hutchinson,figurant
Georgia Petersen,figurant
Amin Cooper,figurant
Cecil Weiss,figurant
Carol Nicholson,figurant
Sana Donaldson,figurant
Keeley Gilbert,figurant
Arnold Pollard,figurant
Carol Nicholson,figurant
Georgia Petersen,figurant
Asma Holt,figurant
Cai Medina,figurant
Audrey Shepard,figurant
Asia White,figurant
Matilda Bell,figurant
Lori Nguyen,figurant
Dillan Ware,figurant
Willow Beasley,figurant
Krish Hutchinson,figurant
Emilia Chapman,figurant
Tia Dickerson,figurant
Carla Whitney,figurant
Vivian Paul,figurant
Bethany King,figurant
Cassie Lawson,figurant
Tariq Blanchard,figurant
Cassie Lawson,figurant
Mohamed Harvey,figurant
Clementine Whitehead,figurant
Dillon Mclean,figurant
Dillan Ware,figurant
Maisha Schroeder,figurant
Clementine Whitehead,figurant
Eleri Pitts,figurant
Cassie Lawson,figurant
Donald Quinn,figurant
Tariq Blanchard,figurant
Mohamed Harvey,figurant
Gheorghe Dumitru,figurant
Kimberly Hill,figurant
Tommy Owen,figurant
Donald Quinn,figurant
Diego Mcconnell,figurant
Andreea Gigina,figurant
Audrey Shepard,figurant
Monty Gill,figurant
